#初始化权限
INSERT into T_PERMISSION(permission_id,menu_name,permission_name,build_date,deleteflag,menu_sort,permission_sort) values (1,'role','visit',NOW(),1,1,1);
INSERT into T_PERMISSION(permission_id,menu_name,permission_name,build_date,deleteflag,menu_sort,permission_sort) values (2,'role','add',NOW(),1,1,2);
INSERT into T_PERMISSION(permission_id,menu_name,permission_name,build_date,deleteflag,menu_sort,permission_sort) values (3,'role','edit',NOW(),1,1,3);
INSERT into T_PERMISSION(permission_id,menu_name,permission_name,build_date,deleteflag,menu_sort,permission_sort) values (4,'role','delete',NOW(),1,1,4);
INSERT into T_PERMISSION(permission_id,menu_name,permission_name,build_date,deleteflag,menu_sort,permission_sort) values (5,'user','visit',NOW(),1,2,1);
INSERT into T_PERMISSION(permission_id,menu_name,permission_name,build_date,deleteflag,menu_sort,permission_sort) values (6,'user','add',NOW(),1,2,2);
INSERT into T_PERMISSION(permission_id,menu_name,permission_name,build_date,deleteflag,menu_sort,permission_sort) values (7,'user','edit',NOW(),1,2,3);
INSERT into T_PERMISSION(permission_id,menu_name,permission_name,build_date,deleteflag,menu_sort,permission_sort) values (8,'user','delete',NOW(),1,2,4);
INSERT into T_PERMISSION(permission_id,menu_name,permission_name,build_date,deleteflag,menu_sort,permission_sort) values (9,'member','visit',NOW(),1,3,1);
INSERT into T_PERMISSION(permission_id,menu_name,permission_name,build_date,deleteflag,menu_sort,permission_sort) values (10,'member','add',NOW(),1,3,2);
INSERT into T_PERMISSION(permission_id,menu_name,permission_name,build_date,deleteflag,menu_sort,permission_sort) values (11,'member','edit',NOW(),1,3,3);
INSERT into T_PERMISSION(permission_id,menu_name,permission_name,build_date,deleteflag,menu_sort,permission_sort) values (12,'member','delete',NOW(),1,3,4);
INSERT into T_PERMISSION(permission_id,menu_name,permission_name,build_date,deleteflag,menu_sort,permission_sort) values (13,'operation','visit',NOW(),1,4,1);
INSERT into T_PERMISSION(permission_id,menu_name,permission_name,build_date,deleteflag,menu_sort,permission_sort) values (14,'operation','add',NOW(),1,4,2);
INSERT into T_PERMISSION(permission_id,menu_name,permission_name,build_date,deleteflag,menu_sort,permission_sort) values (15,'operation','edit',NOW(),1,4,3);
INSERT into T_PERMISSION(permission_id,menu_name,permission_name,build_date,deleteflag,menu_sort,permission_sort) values (16,'operation','delete',NOW(),1,4,4);
INSERT into T_PERMISSION(permission_id,menu_name,permission_name,build_date,deleteflag,menu_sort,permission_sort) values (17,'partnership','visit',NOW(),1,5,1);
INSERT into T_PERMISSION(permission_id,menu_name,permission_name,build_date,deleteflag,menu_sort,permission_sort) values (18,'partnership','add',NOW(),1,5,2);
INSERT into T_PERMISSION(permission_id,menu_name,permission_name,build_date,deleteflag,menu_sort,permission_sort) values (19,'partnership','edit',NOW(),1,5,3);
INSERT into T_PERMISSION(permission_id,menu_name,permission_name,build_date,deleteflag,menu_sort,permission_sort) values (20,'partnership','delete',NOW(),1,5,4);
INSERT into T_PERMISSION(permission_id,menu_name,permission_name,build_date,deleteflag,menu_sort,permission_sort) values (21,'sysConfig','visit',NOW(),1,6,1);
INSERT into T_PERMISSION(permission_id,menu_name,permission_name,build_date,deleteflag,menu_sort,permission_sort) values (22,'sysConfig','add',NOW(),1,6,2);
INSERT into T_PERMISSION(permission_id,menu_name,permission_name,build_date,deleteflag,menu_sort,permission_sort) values (23,'sysConfig','edit',NOW(),1,6,3);
INSERT into T_PERMISSION(permission_id,menu_name,permission_name,build_date,deleteflag,menu_sort,permission_sort) values (24,'sysConfig','delete',NOW(),1,6,4);
INSERT into T_PERMISSION(permission_id,menu_name,permission_name,build_date,deleteflag,menu_sort,permission_sort) values (25,'memberDataBase','visit',NOW(),1,7,1);
INSERT into T_PERMISSION(permission_id,menu_name,permission_name,build_date,deleteflag,menu_sort,permission_sort) values (26,'supplier','visit',NOW(),1,8,1);
INSERT into T_PERMISSION(permission_id,menu_name,permission_name,build_date,deleteflag,menu_sort,permission_sort) values (27,'supplier','add',NOW(),1,8,1);
INSERT into T_PERMISSION(permission_id,menu_name,permission_name,build_date,deleteflag,menu_sort,permission_sort) values (28,'supplier','edit',NOW(),1,8,3);
INSERT into T_PERMISSION(permission_id,menu_name,permission_name,build_date,deleteflag,menu_sort,permission_sort) values (29,'supplier','delete',NOW(),1,8,4);
INSERT into T_PERMISSION(permission_id,menu_name,permission_name,build_date,deleteflag,menu_sort,permission_sort) values (30,'author','visit',NOW(),1,9,1);
INSERT into T_PERMISSION(permission_id,menu_name,permission_name,build_date,deleteflag,menu_sort,permission_sort) values (31,'author','add',NOW(),1,9,2);
INSERT into T_PERMISSION(permission_id,menu_name,permission_name,build_date,deleteflag,menu_sort,permission_sort) values (32,'author','edit',NOW(),1,9,3);
INSERT into T_PERMISSION(permission_id,menu_name,permission_name,build_date,deleteflag,menu_sort,permission_sort) values (33,'author','delete',NOW(),1,9,4);
INSERT into T_PERMISSION(permission_id,menu_name,permission_name,build_date,deleteflag,menu_sort,permission_sort) values (34,'case','visit',NOW(),1,10,1);
INSERT into T_PERMISSION(permission_id,menu_name,permission_name,build_date,deleteflag,menu_sort,permission_sort) values (35,'case','add',NOW(),1,10,2);
INSERT into T_PERMISSION(permission_id,menu_name,permission_name,build_date,deleteflag,menu_sort,permission_sort) values (36,'case','edit',NOW(),1,10,3);
INSERT into T_PERMISSION(permission_id,menu_name,permission_name,build_date,deleteflag,menu_sort,permission_sort) values (37,'case','delete',NOW(),1,10,4);
#初始化角色
INSERT INTO T_ROLE(role_id,role_name,introduction,build_date,deleteflag) VALUES (1,'管理员','系统管理员',NOW(),1);
INSERT INTO T_ROLE(role_id,role_name,introduction,build_date,deleteflag) VALUES (2,'总经理','总经理',NOW(),1);
INSERT INTO T_ROLE(role_id,role_name,introduction,build_date,deleteflag) VALUES (3,'客户经理','客户经理',NOW(),1);
INSERT INTO T_ROLE(role_id,role_name,introduction,build_date,deleteflag) VALUES (4,'合作企业系统管理员','合作企业系统管理员',NOW(),1);
INSERT INTO T_ROLE(role_id,role_name,introduction,build_date,deleteflag) VALUES (5,'合作企业客户经理','合作企业客户经理',NOW(),1);
#初始化权限和角色关联
INSERT INTO T_ROLE_MTM_PERMISSION(serialno,role_id,permission_id,deleteflag) values (1,1,1,1);
INSERT INTO T_ROLE_MTM_PERMISSION(serialno,role_id,permission_id,deleteflag) values (2,1,2,1);
INSERT INTO T_ROLE_MTM_PERMISSION(serialno,role_id,permission_id,deleteflag) values (3,1,3,1);
INSERT INTO T_ROLE_MTM_PERMISSION(serialno,role_id,permission_id,deleteflag) values (4,1,4,1);
INSERT INTO T_ROLE_MTM_PERMISSION(serialno,role_id,permission_id,deleteflag) values (5,1,5,1);
INSERT INTO T_ROLE_MTM_PERMISSION(serialno,role_id,permission_id,deleteflag) values (6,1,6,1);
INSERT INTO T_ROLE_MTM_PERMISSION(serialno,role_id,permission_id,deleteflag) values (7,1,7,1);
INSERT INTO T_ROLE_MTM_PERMISSION(serialno,role_id,permission_id,deleteflag) values (8,1,8,1);
INSERT INTO T_ROLE_MTM_PERMISSION(serialno,role_id,permission_id,deleteflag) values (9,1,9,1);
INSERT INTO T_ROLE_MTM_PERMISSION(serialno,role_id,permission_id,deleteflag) values (10,1,10,1);
INSERT INTO T_ROLE_MTM_PERMISSION(serialno,role_id,permission_id,deleteflag) values (11,1,11,1);
INSERT INTO T_ROLE_MTM_PERMISSION(serialno,role_id,permission_id,deleteflag) values (12,1,12,1);
INSERT INTO T_ROLE_MTM_PERMISSION(serialno,role_id,permission_id,deleteflag) values (13,1,13,1);
INSERT INTO T_ROLE_MTM_PERMISSION(serialno,role_id,permission_id,deleteflag) values (14,1,14,1);
INSERT INTO T_ROLE_MTM_PERMISSION(serialno,role_id,permission_id,deleteflag) values (15,1,15,1);
INSERT INTO T_ROLE_MTM_PERMISSION(serialno,role_id,permission_id,deleteflag) values (16,1,16,1);
INSERT INTO T_ROLE_MTM_PERMISSION(serialno,role_id,permission_id,deleteflag) values (17,1,17,1);
INSERT INTO T_ROLE_MTM_PERMISSION(serialno,role_id,permission_id,deleteflag) values (18,1,18,1);
INSERT INTO T_ROLE_MTM_PERMISSION(serialno,role_id,permission_id,deleteflag) values (19,1,19,1);
INSERT INTO T_ROLE_MTM_PERMISSION(serialno,role_id,permission_id,deleteflag) values (20,1,20,1);
INSERT INTO T_ROLE_MTM_PERMISSION(serialno,role_id,permission_id,deleteflag) values (21,1,21,1);
INSERT INTO T_ROLE_MTM_PERMISSION(serialno,role_id,permission_id,deleteflag) values (22,1,22,1);
INSERT INTO T_ROLE_MTM_PERMISSION(serialno,role_id,permission_id,deleteflag) values (23,1,23,1);
INSERT INTO T_ROLE_MTM_PERMISSION(serialno,role_id,permission_id,deleteflag) values (24,1,24,1);
INSERT INTO T_ROLE_MTM_PERMISSION(serialno,role_id,permission_id,deleteflag) values (25,1,25,1);
INSERT INTO T_ROLE_MTM_PERMISSION(serialno,role_id,permission_id,deleteflag) values (26,1,26,1);
INSERT INTO T_ROLE_MTM_PERMISSION(serialno,role_id,permission_id,deleteflag) values (27,1,27,1);
INSERT INTO T_ROLE_MTM_PERMISSION(serialno,role_id,permission_id,deleteflag) values (28,1,28,1);
INSERT INTO T_ROLE_MTM_PERMISSION(serialno,role_id,permission_id,deleteflag) values (29,1,29,1);
INSERT INTO T_ROLE_MTM_PERMISSION(serialno,role_id,permission_id,deleteflag) values (30,1,30,1);
INSERT INTO T_ROLE_MTM_PERMISSION(serialno,role_id,permission_id,deleteflag) values (31,1,31,1);
INSERT INTO T_ROLE_MTM_PERMISSION(serialno,role_id,permission_id,deleteflag) values (32,1,32,1);
INSERT INTO T_ROLE_MTM_PERMISSION(serialno,role_id,permission_id,deleteflag) values (33,1,33,1);
INSERT INTO T_ROLE_MTM_PERMISSION(serialno,role_id,permission_id,deleteflag) values (34,1,34,1);
INSERT INTO T_ROLE_MTM_PERMISSION(serialno,role_id,permission_id,deleteflag) values (35,1,35,1);
INSERT INTO T_ROLE_MTM_PERMISSION(serialno,role_id,permission_id,deleteflag) values (36,1,36,1);
INSERT INTO T_ROLE_MTM_PERMISSION(serialno,role_id,permission_id,deleteflag) values (37,1,37,1);

INSERT INTO T_ROLE_MTM_PERMISSION(serialno,role_id,permission_id,deleteflag) values (38,2,9,1);
INSERT INTO T_ROLE_MTM_PERMISSION(serialno,role_id,permission_id,deleteflag) values (39,2,13,1);
INSERT INTO T_ROLE_MTM_PERMISSION(serialno,role_id,permission_id,deleteflag) values (40,2,17,1);
INSERT INTO T_ROLE_MTM_PERMISSION(serialno,role_id,permission_id,deleteflag) values (41,2,25,1);
INSERT INTO T_ROLE_MTM_PERMISSION(serialno,role_id,permission_id,deleteflag) values (42,2,26,1);
INSERT INTO T_ROLE_MTM_PERMISSION(serialno,role_id,permission_id,deleteflag) values (43,2,30,1);
INSERT INTO T_ROLE_MTM_PERMISSION(serialno,role_id,permission_id,deleteflag) values (44,2,34,1);

INSERT INTO T_ROLE_MTM_PERMISSION(serialno,role_id,permission_id,deleteflag) values (45,3,9,1);
INSERT INTO T_ROLE_MTM_PERMISSION(serialno,role_id,permission_id,deleteflag) values (46,3,10,1);
INSERT INTO T_ROLE_MTM_PERMISSION(serialno,role_id,permission_id,deleteflag) values (47,3,11,1);
INSERT INTO T_ROLE_MTM_PERMISSION(serialno,role_id,permission_id,deleteflag) values (48,3,12,1);
INSERT INTO T_ROLE_MTM_PERMISSION(serialno,role_id,permission_id,deleteflag) values (49,3,13,1);
INSERT INTO T_ROLE_MTM_PERMISSION(serialno,role_id,permission_id,deleteflag) values (50,3,14,1);
INSERT INTO T_ROLE_MTM_PERMISSION(serialno,role_id,permission_id,deleteflag) values (51,3,15,1);
INSERT INTO T_ROLE_MTM_PERMISSION(serialno,role_id,permission_id,deleteflag) values (52,3,16,1);
INSERT INTO T_ROLE_MTM_PERMISSION(serialno,role_id,permission_id,deleteflag) values (53,3,17,1);
INSERT INTO T_ROLE_MTM_PERMISSION(serialno,role_id,permission_id,deleteflag) values (54,3,18,1);
INSERT INTO T_ROLE_MTM_PERMISSION(serialno,role_id,permission_id,deleteflag) values (55,3,19,1);
INSERT INTO T_ROLE_MTM_PERMISSION(serialno,role_id,permission_id,deleteflag) values (56,3,20,1);
INSERT INTO T_ROLE_MTM_PERMISSION(serialno,role_id,permission_id,deleteflag) values (57,3,25,1);
INSERT INTO T_ROLE_MTM_PERMISSION(serialno,role_id,permission_id,deleteflag) values (58,3,26,1);
INSERT INTO T_ROLE_MTM_PERMISSION(serialno,role_id,permission_id,deleteflag) values (59,3,27,1);
INSERT INTO T_ROLE_MTM_PERMISSION(serialno,role_id,permission_id,deleteflag) values (60,3,28,1);
INSERT INTO T_ROLE_MTM_PERMISSION(serialno,role_id,permission_id,deleteflag) values (61,3,29,1);
INSERT INTO T_ROLE_MTM_PERMISSION(serialno,role_id,permission_id,deleteflag) values (62,3,30,1);
INSERT INTO T_ROLE_MTM_PERMISSION(serialno,role_id,permission_id,deleteflag) values (63,3,31,1);
INSERT INTO T_ROLE_MTM_PERMISSION(serialno,role_id,permission_id,deleteflag) values (64,3,32,1);
INSERT INTO T_ROLE_MTM_PERMISSION(serialno,role_id,permission_id,deleteflag) values (65,3,33,1);
INSERT INTO T_ROLE_MTM_PERMISSION(serialno,role_id,permission_id,deleteflag) values (66,3,34,1);
INSERT INTO T_ROLE_MTM_PERMISSION(serialno,role_id,permission_id,deleteflag) values (67,3,35,1);
INSERT INTO T_ROLE_MTM_PERMISSION(serialno,role_id,permission_id,deleteflag) values (68,3,36,1);
INSERT INTO T_ROLE_MTM_PERMISSION(serialno,role_id,permission_id,deleteflag) values (69,3,37,1);

INSERT INTO T_ROLE_MTM_PERMISSION(serialno,role_id,permission_id,deleteflag) values (70,4,5,1);
INSERT INTO T_ROLE_MTM_PERMISSION(serialno,role_id,permission_id,deleteflag) values (71,4,6,1);
INSERT INTO T_ROLE_MTM_PERMISSION(serialno,role_id,permission_id,deleteflag) values (72,4,7,1);
INSERT INTO T_ROLE_MTM_PERMISSION(serialno,role_id,permission_id,deleteflag) values (73,4,8,1);
INSERT INTO T_ROLE_MTM_PERMISSION(serialno,role_id,permission_id,deleteflag) values (74,4,9,1);
INSERT INTO T_ROLE_MTM_PERMISSION(serialno,role_id,permission_id,deleteflag) values (75,4,10,1);
INSERT INTO T_ROLE_MTM_PERMISSION(serialno,role_id,permission_id,deleteflag) values (76,4,11,1);
INSERT INTO T_ROLE_MTM_PERMISSION(serialno,role_id,permission_id,deleteflag) values (77,4,12,1);
INSERT INTO T_ROLE_MTM_PERMISSION(serialno,role_id,permission_id,deleteflag) values (78,4,25,1);

INSERT INTO T_ROLE_MTM_PERMISSION(serialno,role_id,permission_id,deleteflag) values (79,5,9,1);
INSERT INTO T_ROLE_MTM_PERMISSION(serialno,role_id,permission_id,deleteflag) values (80,5,10,1);
INSERT INTO T_ROLE_MTM_PERMISSION(serialno,role_id,permission_id,deleteflag) values (81,5,11,1);
INSERT INTO T_ROLE_MTM_PERMISSION(serialno,role_id,permission_id,deleteflag) values (82,5,12,1);
#初始化用户
INSERT INTO T_USER(userid,username,password,name,type,build_date,role_id,status,deleteflag) VALUES (1,'admin','$2a$10$jvWioa4/4dwNWP9yQfqw/.zh8.ZDQQ6po4QootAIlBnRmYQlpmVd6','管理员',1,NOW(),1,1,1);
#初始化系统配置
INSERT INTO T_SYSCONFIG (SERIALNO,CUST_CODE,CUST_VALUE,BUILD_DATE,INTRODUCTION,DELETEFLAG) VALUES (1,'SUSPENDED_TERM','10',NOW(),'活动结束后，合作单位账号经过多少天冻结',1);
INSERT INTO T_SYSCONFIG (SERIALNO,CUST_CODE,CUST_VALUE,BUILD_DATE,INTRODUCTION,DELETEFLAG) VALUES (2,'RELEASE_TERM','10',NOW(),'合作单位账号冻结后，会员经过多少天释放',1);
INSERT INTO T_SYSCONFIG (SERIALNO,CUST_CODE,CUST_VALUE,BUILD_DATE,INTRODUCTION,DELETEFLAG) VALUES (3,'RELEASE_WAY','1',NOW(),'账号释放方式，1-释放到公司会员库，2-释放为公共资源',1);
INSERT INTO T_SYSCONFIG (SERIALNO,CUST_CODE,CUST_VALUE,BUILD_DATE,INTRODUCTION,DELETEFLAG) VALUES (4,'PARTNERSHIP_TYPE','[{"partnershipTypeId": "1","partnershipName": "国企"},{"partnershipTypeId": "2","partnershipName": "民企"},{"partnershipTypeId": "3","partnershipName": "外企"}]',NOW(),'合作企业企业性质',1);
INSERT INTO T_SYSCONFIG (SERIALNO,CUST_CODE,CUST_VALUE,BUILD_DATE,INTRODUCTION,DELETEFLAG) VALUES (5,'PARTNERSHIP_PROJECT_TYPE','[{"partnershipProjectTypeId": "1","partnershipProjectTypeName": "协办"},{"partnershipProjectTypeId": "2","partnershipProjectTypeName": "广告"},{"partnershipProjectTypeId": "3","partnershipProjectTypeName": "活动"}]',NOW(),'合作企业企业项目',1);
#初始化省市配置
INSERT INTO T_ITEM (item_code, item_name, parent_code, type) VALUES ('11', '北京市', NULL, '1');
INSERT INTO T_ITEM (item_code, item_name, parent_code, type) VALUES ('12', '天津市', NULL, '1');
INSERT INTO T_ITEM (item_code, item_name, parent_code, type) VALUES ('13', '河北省', NULL, '1');
INSERT INTO T_ITEM (item_code, item_name, parent_code, type) VALUES ('14', '山西省', NULL, '1');
INSERT INTO T_ITEM (item_code, item_name, parent_code, type) VALUES ('15', '内蒙古自治区', NULL, '1');
INSERT INTO T_ITEM (item_code, item_name, parent_code, type) VALUES ('21', '辽宁省', NULL, '1');
INSERT INTO T_ITEM (item_code, item_name, parent_code, type) VALUES ('22', '吉林省', NULL, '1');
INSERT INTO T_ITEM (item_code, item_name, parent_code, type) VALUES ('23', '黑龙江省', NULL, '1');
INSERT INTO T_ITEM (item_code, item_name, parent_code, type) VALUES ('31', '上海市', NULL, '1');
INSERT INTO T_ITEM (item_code, item_name, parent_code, type) VALUES ('32', '江苏省', NULL, '1');
INSERT INTO T_ITEM (item_code, item_name, parent_code, type) VALUES ('33', '浙江省', NULL, '1');
INSERT INTO T_ITEM (item_code, item_name, parent_code, type) VALUES ('34', '安徽省', NULL, '1');
INSERT INTO T_ITEM (item_code, item_name, parent_code, type) VALUES ('35', '福建省', NULL, '1');
INSERT INTO T_ITEM (item_code, item_name, parent_code, type) VALUES ('36', '江西省', NULL, '1');
INSERT INTO T_ITEM (item_code, item_name, parent_code, type) VALUES ('37', '山东省', NULL, '1');
INSERT INTO T_ITEM (item_code, item_name, parent_code, type) VALUES ('41', '河南省', NULL, '1');
INSERT INTO T_ITEM (item_code, item_name, parent_code, type) VALUES ('42', '湖北省', NULL, '1');
INSERT INTO T_ITEM (item_code, item_name, parent_code, type) VALUES ('43', '湖南省', NULL, '1');
INSERT INTO T_ITEM (item_code, item_name, parent_code, type) VALUES ('44', '广东省', NULL, '1');
INSERT INTO T_ITEM (item_code, item_name, parent_code, type) VALUES ('45', '广西壮族自治区', NULL, '1');
INSERT INTO T_ITEM (item_code, item_name, parent_code, type) VALUES ('46', '海南省', NULL, '1');
INSERT INTO T_ITEM (item_code, item_name, parent_code, type) VALUES ('50', '重庆市', NULL, '1');
INSERT INTO T_ITEM (item_code, item_name, parent_code, type) VALUES ('51', '四川省', NULL, '1');
INSERT INTO T_ITEM (item_code, item_name, parent_code, type) VALUES ('52', '贵州省', NULL, '1');
INSERT INTO T_ITEM (item_code, item_name, parent_code, type) VALUES ('53', '云南省', NULL, '1');
INSERT INTO T_ITEM (item_code, item_name, parent_code, type) VALUES ('54', '西藏自治区', NULL, '1');
INSERT INTO T_ITEM (item_code, item_name, parent_code, type) VALUES ('61', '陕西省', NULL, '1');
INSERT INTO T_ITEM (item_code, item_name, parent_code, type) VALUES ('62', '甘肃省', NULL, '1');
INSERT INTO T_ITEM (item_code, item_name, parent_code, type) VALUES ('63', '青海省', NULL, '1');
INSERT INTO T_ITEM (item_code, item_name, parent_code, type) VALUES ('64', '宁夏回族自治区', NULL, '1');
INSERT INTO T_ITEM (item_code, item_name, parent_code, type) VALUES ('65', '新疆维吾尔自治区', NULL, '1');
INSERT INTO T_ITEM (item_code, item_name, parent_code, type) VALUES ('71', '台湾省', NULL, '1');
INSERT INTO T_ITEM (item_code, item_name, parent_code, type) VALUES ('81', '香港特别行政区', NULL, '1');
INSERT INTO T_ITEM (item_code, item_name, parent_code, type) VALUES ('82', '澳门特别行政区', NULL, '1');
INSERT INTO T_ITEM (item_code, item_name, parent_code, type) VALUES ('1101', '市辖区', '11', '2');
INSERT INTO T_ITEM (item_code, item_name, parent_code, type) VALUES ('1201', '市辖区', '12', '2');
INSERT INTO T_ITEM (item_code, item_name, parent_code, type) VALUES ('1301', '石家庄市', '13', '2');
INSERT INTO T_ITEM (item_code, item_name, parent_code, type) VALUES ('1302', '唐山市', '13', '2');
INSERT INTO T_ITEM (item_code, item_name, parent_code, type) VALUES ('1303', '秦皇岛市', '13', '2');
INSERT INTO T_ITEM (item_code, item_name, parent_code, type) VALUES ('1304', '邯郸市', '13', '2');
INSERT INTO T_ITEM (item_code, item_name, parent_code, type) VALUES ('1305', '邢台市', '13', '2');
INSERT INTO T_ITEM (item_code, item_name, parent_code, type) VALUES ('1306', '保定市', '13', '2');
INSERT INTO T_ITEM (item_code, item_name, parent_code, type) VALUES ('1307', '张家口市', '13', '2');
INSERT INTO T_ITEM (item_code, item_name, parent_code, type) VALUES ('1308', '承德市', '13', '2');
INSERT INTO T_ITEM (item_code, item_name, parent_code, type) VALUES ('1309', '沧州市', '13', '2');
INSERT INTO T_ITEM (item_code, item_name, parent_code, type) VALUES ('1310', '廊坊市', '13', '2');
INSERT INTO T_ITEM (item_code, item_name, parent_code, type) VALUES ('1311', '衡水市', '13', '2');
INSERT INTO T_ITEM (item_code, item_name, parent_code, type) VALUES ('1401', '太原市', '14', '2');
INSERT INTO T_ITEM (item_code, item_name, parent_code, type) VALUES ('1402', '大同市', '14', '2');
INSERT INTO T_ITEM (item_code, item_name, parent_code, type) VALUES ('1403', '阳泉市', '14', '2');
INSERT INTO T_ITEM (item_code, item_name, parent_code, type) VALUES ('1404', '长治市', '14', '2');
INSERT INTO T_ITEM (item_code, item_name, parent_code, type) VALUES ('1405', '晋城市', '14', '2');
INSERT INTO T_ITEM (item_code, item_name, parent_code, type) VALUES ('1406', '朔州市', '14', '2');
INSERT INTO T_ITEM (item_code, item_name, parent_code, type) VALUES ('1407', '晋中市', '14', '2');
INSERT INTO T_ITEM (item_code, item_name, parent_code, type) VALUES ('1408', '运城市', '14', '2');
INSERT INTO T_ITEM (item_code, item_name, parent_code, type) VALUES ('1409', '忻州市', '14', '2');
INSERT INTO T_ITEM (item_code, item_name, parent_code, type) VALUES ('1410', '临汾市', '14', '2');
INSERT INTO T_ITEM (item_code, item_name, parent_code, type) VALUES ('1411', '吕梁市', '14', '2');
INSERT INTO T_ITEM (item_code, item_name, parent_code, type) VALUES ('1501', '呼和浩特市', '15', '2');
INSERT INTO T_ITEM (item_code, item_name, parent_code, type) VALUES ('1502', '包头市', '15', '2');
INSERT INTO T_ITEM (item_code, item_name, parent_code, type) VALUES ('1503', '乌海市', '15', '2');
INSERT INTO T_ITEM (item_code, item_name, parent_code, type) VALUES ('1504', '赤峰市', '15', '2');
INSERT INTO T_ITEM (item_code, item_name, parent_code, type) VALUES ('1505', '通辽市', '15', '2');
INSERT INTO T_ITEM (item_code, item_name, parent_code, type) VALUES ('1506', '鄂尔多斯市', '15', '2');
INSERT INTO T_ITEM (item_code, item_name, parent_code, type) VALUES ('1507', '呼伦贝尔市', '15', '2');
INSERT INTO T_ITEM (item_code, item_name, parent_code, type) VALUES ('1508', '巴彦淖尔市', '15', '2');
INSERT INTO T_ITEM (item_code, item_name, parent_code, type) VALUES ('1509', '乌兰察布市', '15', '2');
INSERT INTO T_ITEM (item_code, item_name, parent_code, type) VALUES ('1522', '兴安盟', '15', '2');
INSERT INTO T_ITEM (item_code, item_name, parent_code, type) VALUES ('1525', '锡林郭勒盟', '15', '2');
INSERT INTO T_ITEM (item_code, item_name, parent_code, type) VALUES ('1529', '阿拉善盟', '15', '2');
INSERT INTO T_ITEM (item_code, item_name, parent_code, type) VALUES ('2101', '沈阳市', '21', '2');
INSERT INTO T_ITEM (item_code, item_name, parent_code, type) VALUES ('2102', '大连市', '21', '2');
INSERT INTO T_ITEM (item_code, item_name, parent_code, type) VALUES ('2103', '鞍山市', '21', '2');
INSERT INTO T_ITEM (item_code, item_name, parent_code, type) VALUES ('2104', '抚顺市', '21', '2');
INSERT INTO T_ITEM (item_code, item_name, parent_code, type) VALUES ('2105', '本溪市', '21', '2');
INSERT INTO T_ITEM (item_code, item_name, parent_code, type) VALUES ('2106', '丹东市', '21', '2');
INSERT INTO T_ITEM (item_code, item_name, parent_code, type) VALUES ('2107', '锦州市', '21', '2');
INSERT INTO T_ITEM (item_code, item_name, parent_code, type) VALUES ('2108', '营口市', '21', '2');
INSERT INTO T_ITEM (item_code, item_name, parent_code, type) VALUES ('2109', '阜新市', '21', '2');
INSERT INTO T_ITEM (item_code, item_name, parent_code, type) VALUES ('2110', '辽阳市', '21', '2');
INSERT INTO T_ITEM (item_code, item_name, parent_code, type) VALUES ('2111', '盘锦市', '21', '2');
INSERT INTO T_ITEM (item_code, item_name, parent_code, type) VALUES ('2112', '铁岭市', '21', '2');
INSERT INTO T_ITEM (item_code, item_name, parent_code, type) VALUES ('2113', '朝阳市', '21', '2');
INSERT INTO T_ITEM (item_code, item_name, parent_code, type) VALUES ('2114', '葫芦岛市', '21', '2');
INSERT INTO T_ITEM (item_code, item_name, parent_code, type) VALUES ('2201', '长春市', '22', '2');
INSERT INTO T_ITEM (item_code, item_name, parent_code, type) VALUES ('2202', '吉林市', '22', '2');
INSERT INTO T_ITEM (item_code, item_name, parent_code, type) VALUES ('2203', '四平市', '22', '2');
INSERT INTO T_ITEM (item_code, item_name, parent_code, type) VALUES ('2204', '辽源市', '22', '2');
INSERT INTO T_ITEM (item_code, item_name, parent_code, type) VALUES ('2205', '通化市', '22', '2');
INSERT INTO T_ITEM (item_code, item_name, parent_code, type) VALUES ('2206', '白山市', '22', '2');
INSERT INTO T_ITEM (item_code, item_name, parent_code, type) VALUES ('2207', '松原市', '22', '2');
INSERT INTO T_ITEM (item_code, item_name, parent_code, type) VALUES ('2208', '白城市', '22', '2');
INSERT INTO T_ITEM (item_code, item_name, parent_code, type) VALUES ('2224', '延边朝鲜族自治州', '22', '2');
INSERT INTO T_ITEM (item_code, item_name, parent_code, type) VALUES ('2301', '哈尔滨市', '23', '2');
INSERT INTO T_ITEM (item_code, item_name, parent_code, type) VALUES ('2302', '齐齐哈尔市', '23', '2');
INSERT INTO T_ITEM (item_code, item_name, parent_code, type) VALUES ('2303', '鸡西市', '23', '2');
INSERT INTO T_ITEM (item_code, item_name, parent_code, type) VALUES ('2304', '鹤岗市', '23', '2');
INSERT INTO T_ITEM (item_code, item_name, parent_code, type) VALUES ('2305', '双鸭山市', '23', '2');
INSERT INTO T_ITEM (item_code, item_name, parent_code, type) VALUES ('2306', '大庆市', '23', '2');
INSERT INTO T_ITEM (item_code, item_name, parent_code, type) VALUES ('2307', '伊春市', '23', '2');
INSERT INTO T_ITEM (item_code, item_name, parent_code, type) VALUES ('2308', '佳木斯市', '23', '2');
INSERT INTO T_ITEM (item_code, item_name, parent_code, type) VALUES ('2309', '七台河市', '23', '2');
INSERT INTO T_ITEM (item_code, item_name, parent_code, type) VALUES ('2310', '牡丹江市', '23', '2');
INSERT INTO T_ITEM (item_code, item_name, parent_code, type) VALUES ('2311', '黑河市', '23', '2');
INSERT INTO T_ITEM (item_code, item_name, parent_code, type) VALUES ('2312', '绥化市', '23', '2');
INSERT INTO T_ITEM (item_code, item_name, parent_code, type) VALUES ('2327', '大兴安岭地区', '23', '2');
INSERT INTO T_ITEM (item_code, item_name, parent_code, type) VALUES ('3101', '市辖区', '31', '2');
INSERT INTO T_ITEM (item_code, item_name, parent_code, type) VALUES ('3201', '南京市', '32', '2');
INSERT INTO T_ITEM (item_code, item_name, parent_code, type) VALUES ('3202', '无锡市', '32', '2');
INSERT INTO T_ITEM (item_code, item_name, parent_code, type) VALUES ('3203', '徐州市', '32', '2');
INSERT INTO T_ITEM (item_code, item_name, parent_code, type) VALUES ('3204', '常州市', '32', '2');
INSERT INTO T_ITEM (item_code, item_name, parent_code, type) VALUES ('3205', '苏州市', '32', '2');
INSERT INTO T_ITEM (item_code, item_name, parent_code, type) VALUES ('3206', '南通市', '32', '2');
INSERT INTO T_ITEM (item_code, item_name, parent_code, type) VALUES ('3207', '连云港市', '32', '2');
INSERT INTO T_ITEM (item_code, item_name, parent_code, type) VALUES ('3208', '淮安市', '32', '2');
INSERT INTO T_ITEM (item_code, item_name, parent_code, type) VALUES ('3209', '盐城市', '32', '2');
INSERT INTO T_ITEM (item_code, item_name, parent_code, type) VALUES ('3210', '扬州市', '32', '2');
INSERT INTO T_ITEM (item_code, item_name, parent_code, type) VALUES ('3211', '镇江市', '32', '2');
INSERT INTO T_ITEM (item_code, item_name, parent_code, type) VALUES ('3212', '泰州市', '32', '2');
INSERT INTO T_ITEM (item_code, item_name, parent_code, type) VALUES ('3213', '宿迁市', '32', '2');
INSERT INTO T_ITEM (item_code, item_name, parent_code, type) VALUES ('3301', '杭州市', '33', '2');
INSERT INTO T_ITEM (item_code, item_name, parent_code, type) VALUES ('3302', '宁波市', '33', '2');
INSERT INTO T_ITEM (item_code, item_name, parent_code, type) VALUES ('3303', '温州市', '33', '2');
INSERT INTO T_ITEM (item_code, item_name, parent_code, type) VALUES ('3304', '嘉兴市', '33', '2');
INSERT INTO T_ITEM (item_code, item_name, parent_code, type) VALUES ('3305', '湖州市', '33', '2');
INSERT INTO T_ITEM (item_code, item_name, parent_code, type) VALUES ('3306', '绍兴市', '33', '2');
INSERT INTO T_ITEM (item_code, item_name, parent_code, type) VALUES ('3307', '金华市', '33', '2');
INSERT INTO T_ITEM (item_code, item_name, parent_code, type) VALUES ('3308', '衢州市', '33', '2');
INSERT INTO T_ITEM (item_code, item_name, parent_code, type) VALUES ('3309', '舟山市', '33', '2');
INSERT INTO T_ITEM (item_code, item_name, parent_code, type) VALUES ('3310', '台州市', '33', '2');
INSERT INTO T_ITEM (item_code, item_name, parent_code, type) VALUES ('3311', '丽水市', '33', '2');
INSERT INTO T_ITEM (item_code, item_name, parent_code, type) VALUES ('3401', '合肥市', '34', '2');
INSERT INTO T_ITEM (item_code, item_name, parent_code, type) VALUES ('3402', '芜湖市', '34', '2');
INSERT INTO T_ITEM (item_code, item_name, parent_code, type) VALUES ('3403', '蚌埠市', '34', '2');
INSERT INTO T_ITEM (item_code, item_name, parent_code, type) VALUES ('3404', '淮南市', '34', '2');
INSERT INTO T_ITEM (item_code, item_name, parent_code, type) VALUES ('3405', '马鞍山市', '34', '2');
INSERT INTO T_ITEM (item_code, item_name, parent_code, type) VALUES ('3406', '淮北市', '34', '2');
INSERT INTO T_ITEM (item_code, item_name, parent_code, type) VALUES ('3407', '铜陵市', '34', '2');
INSERT INTO T_ITEM (item_code, item_name, parent_code, type) VALUES ('3408', '安庆市', '34', '2');
INSERT INTO T_ITEM (item_code, item_name, parent_code, type) VALUES ('3410', '黄山市', '34', '2');
INSERT INTO T_ITEM (item_code, item_name, parent_code, type) VALUES ('3411', '滁州市', '34', '2');
INSERT INTO T_ITEM (item_code, item_name, parent_code, type) VALUES ('3412', '阜阳市', '34', '2');
INSERT INTO T_ITEM (item_code, item_name, parent_code, type) VALUES ('3413', '宿州市', '34', '2');
INSERT INTO T_ITEM (item_code, item_name, parent_code, type) VALUES ('3415', '六安市', '34', '2');
INSERT INTO T_ITEM (item_code, item_name, parent_code, type) VALUES ('3416', '亳州市', '34', '2');
INSERT INTO T_ITEM (item_code, item_name, parent_code, type) VALUES ('3417', '池州市', '34', '2');
INSERT INTO T_ITEM (item_code, item_name, parent_code, type) VALUES ('3418', '宣城市', '34', '2');
INSERT INTO T_ITEM (item_code, item_name, parent_code, type) VALUES ('3501', '福州市', '35', '2');
INSERT INTO T_ITEM (item_code, item_name, parent_code, type) VALUES ('3502', '厦门市', '35', '2');
INSERT INTO T_ITEM (item_code, item_name, parent_code, type) VALUES ('3503', '莆田市', '35', '2');
INSERT INTO T_ITEM (item_code, item_name, parent_code, type) VALUES ('3504', '三明市', '35', '2');
INSERT INTO T_ITEM (item_code, item_name, parent_code, type) VALUES ('3505', '泉州市', '35', '2');
INSERT INTO T_ITEM (item_code, item_name, parent_code, type) VALUES ('3506', '漳州市', '35', '2');
INSERT INTO T_ITEM (item_code, item_name, parent_code, type) VALUES ('3507', '南平市', '35', '2');
INSERT INTO T_ITEM (item_code, item_name, parent_code, type) VALUES ('3508', '龙岩市', '35', '2');
INSERT INTO T_ITEM (item_code, item_name, parent_code, type) VALUES ('3509', '宁德市', '35', '2');
INSERT INTO T_ITEM (item_code, item_name, parent_code, type) VALUES ('3601', '南昌市', '36', '2');
INSERT INTO T_ITEM (item_code, item_name, parent_code, type) VALUES ('3602', '景德镇市', '36', '2');
INSERT INTO T_ITEM (item_code, item_name, parent_code, type) VALUES ('3603', '萍乡市', '36', '2');
INSERT INTO T_ITEM (item_code, item_name, parent_code, type) VALUES ('3604', '九江市', '36', '2');
INSERT INTO T_ITEM (item_code, item_name, parent_code, type) VALUES ('3605', '新余市', '36', '2');
INSERT INTO T_ITEM (item_code, item_name, parent_code, type) VALUES ('3606', '鹰潭市', '36', '2');
INSERT INTO T_ITEM (item_code, item_name, parent_code, type) VALUES ('3607', '赣州市', '36', '2');
INSERT INTO T_ITEM (item_code, item_name, parent_code, type) VALUES ('3608', '吉安市', '36', '2');
INSERT INTO T_ITEM (item_code, item_name, parent_code, type) VALUES ('3609', '宜春市', '36', '2');
INSERT INTO T_ITEM (item_code, item_name, parent_code, type) VALUES ('3610', '抚州市', '36', '2');
INSERT INTO T_ITEM (item_code, item_name, parent_code, type) VALUES ('3611', '上饶市', '36', '2');
INSERT INTO T_ITEM (item_code, item_name, parent_code, type) VALUES ('3701', '济南市', '37', '2');
INSERT INTO T_ITEM (item_code, item_name, parent_code, type) VALUES ('3702', '青岛市', '37', '2');
INSERT INTO T_ITEM (item_code, item_name, parent_code, type) VALUES ('3703', '淄博市', '37', '2');
INSERT INTO T_ITEM (item_code, item_name, parent_code, type) VALUES ('3704', '枣庄市', '37', '2');
INSERT INTO T_ITEM (item_code, item_name, parent_code, type) VALUES ('3705', '东营市', '37', '2');
INSERT INTO T_ITEM (item_code, item_name, parent_code, type) VALUES ('3706', '烟台市', '37', '2');
INSERT INTO T_ITEM (item_code, item_name, parent_code, type) VALUES ('3707', '潍坊市', '37', '2');
INSERT INTO T_ITEM (item_code, item_name, parent_code, type) VALUES ('3708', '济宁市', '37', '2');
INSERT INTO T_ITEM (item_code, item_name, parent_code, type) VALUES ('3709', '泰安市', '37', '2');
INSERT INTO T_ITEM (item_code, item_name, parent_code, type) VALUES ('3710', '威海市', '37', '2');
INSERT INTO T_ITEM (item_code, item_name, parent_code, type) VALUES ('3711', '日照市', '37', '2');
INSERT INTO T_ITEM (item_code, item_name, parent_code, type) VALUES ('3713', '临沂市', '37', '2');
INSERT INTO T_ITEM (item_code, item_name, parent_code, type) VALUES ('3714', '德州市', '37', '2');
INSERT INTO T_ITEM (item_code, item_name, parent_code, type) VALUES ('3715', '聊城市', '37', '2');
INSERT INTO T_ITEM (item_code, item_name, parent_code, type) VALUES ('3716', '滨州市', '37', '2');
INSERT INTO T_ITEM (item_code, item_name, parent_code, type) VALUES ('3717', '菏泽市', '37', '2');
INSERT INTO T_ITEM (item_code, item_name, parent_code, type) VALUES ('4101', '郑州市', '41', '2');
INSERT INTO T_ITEM (item_code, item_name, parent_code, type) VALUES ('4102', '开封市', '41', '2');
INSERT INTO T_ITEM (item_code, item_name, parent_code, type) VALUES ('4103', '洛阳市', '41', '2');
INSERT INTO T_ITEM (item_code, item_name, parent_code, type) VALUES ('4104', '平顶山市', '41', '2');
INSERT INTO T_ITEM (item_code, item_name, parent_code, type) VALUES ('4105', '安阳市', '41', '2');
INSERT INTO T_ITEM (item_code, item_name, parent_code, type) VALUES ('4106', '鹤壁市', '41', '2');
INSERT INTO T_ITEM (item_code, item_name, parent_code, type) VALUES ('4107', '新乡市', '41', '2');
INSERT INTO T_ITEM (item_code, item_name, parent_code, type) VALUES ('4108', '焦作市', '41', '2');
INSERT INTO T_ITEM (item_code, item_name, parent_code, type) VALUES ('4109', '濮阳市', '41', '2');
INSERT INTO T_ITEM (item_code, item_name, parent_code, type) VALUES ('4110', '许昌市', '41', '2');
INSERT INTO T_ITEM (item_code, item_name, parent_code, type) VALUES ('4111', '漯河市', '41', '2');
INSERT INTO T_ITEM (item_code, item_name, parent_code, type) VALUES ('4112', '三门峡市', '41', '2');
INSERT INTO T_ITEM (item_code, item_name, parent_code, type) VALUES ('4113', '南阳市', '41', '2');
INSERT INTO T_ITEM (item_code, item_name, parent_code, type) VALUES ('4114', '商丘市', '41', '2');
INSERT INTO T_ITEM (item_code, item_name, parent_code, type) VALUES ('4115', '信阳市', '41', '2');
INSERT INTO T_ITEM (item_code, item_name, parent_code, type) VALUES ('4116', '周口市', '41', '2');
INSERT INTO T_ITEM (item_code, item_name, parent_code, type) VALUES ('4117', '驻马店市', '41', '2');
INSERT INTO T_ITEM (item_code, item_name, parent_code, type) VALUES ('4190', '省直辖县级行政区划', '41', '2');
INSERT INTO T_ITEM (item_code, item_name, parent_code, type) VALUES ('4201', '武汉市', '42', '2');
INSERT INTO T_ITEM (item_code, item_name, parent_code, type) VALUES ('4202', '黄石市', '42', '2');
INSERT INTO T_ITEM (item_code, item_name, parent_code, type) VALUES ('4203', '十堰市', '42', '2');
INSERT INTO T_ITEM (item_code, item_name, parent_code, type) VALUES ('4205', '宜昌市', '42', '2');
INSERT INTO T_ITEM (item_code, item_name, parent_code, type) VALUES ('4206', '襄阳市', '42', '2');
INSERT INTO T_ITEM (item_code, item_name, parent_code, type) VALUES ('4207', '鄂州市', '42', '2');
INSERT INTO T_ITEM (item_code, item_name, parent_code, type) VALUES ('4208', '荆门市', '42', '2');
INSERT INTO T_ITEM (item_code, item_name, parent_code, type) VALUES ('4209', '孝感市', '42', '2');
INSERT INTO T_ITEM (item_code, item_name, parent_code, type) VALUES ('4210', '荆州市', '42', '2');
INSERT INTO T_ITEM (item_code, item_name, parent_code, type) VALUES ('4211', '黄冈市', '42', '2');
INSERT INTO T_ITEM (item_code, item_name, parent_code, type) VALUES ('4212', '咸宁市', '42', '2');
INSERT INTO T_ITEM (item_code, item_name, parent_code, type) VALUES ('4213', '随州市', '42', '2');
INSERT INTO T_ITEM (item_code, item_name, parent_code, type) VALUES ('4228', '恩施土家族苗族自治州', '42', '2');
INSERT INTO T_ITEM (item_code, item_name, parent_code, type) VALUES ('4290', '省直辖县级行政区划', '42', '2');
INSERT INTO T_ITEM (item_code, item_name, parent_code, type) VALUES ('4301', '长沙市', '43', '2');
INSERT INTO T_ITEM (item_code, item_name, parent_code, type) VALUES ('4302', '株洲市', '43', '2');
INSERT INTO T_ITEM (item_code, item_name, parent_code, type) VALUES ('4303', '湘潭市', '43', '2');
INSERT INTO T_ITEM (item_code, item_name, parent_code, type) VALUES ('4304', '衡阳市', '43', '2');
INSERT INTO T_ITEM (item_code, item_name, parent_code, type) VALUES ('4305', '邵阳市', '43', '2');
INSERT INTO T_ITEM (item_code, item_name, parent_code, type) VALUES ('4306', '岳阳市', '43', '2');
INSERT INTO T_ITEM (item_code, item_name, parent_code, type) VALUES ('4307', '常德市', '43', '2');
INSERT INTO T_ITEM (item_code, item_name, parent_code, type) VALUES ('4308', '张家界市', '43', '2');
INSERT INTO T_ITEM (item_code, item_name, parent_code, type) VALUES ('4309', '益阳市', '43', '2');
INSERT INTO T_ITEM (item_code, item_name, parent_code, type) VALUES ('4310', '郴州市', '43', '2');
INSERT INTO T_ITEM (item_code, item_name, parent_code, type) VALUES ('4311', '永州市', '43', '2');
INSERT INTO T_ITEM (item_code, item_name, parent_code, type) VALUES ('4312', '怀化市', '43', '2');
INSERT INTO T_ITEM (item_code, item_name, parent_code, type) VALUES ('4313', '娄底市', '43', '2');
INSERT INTO T_ITEM (item_code, item_name, parent_code, type) VALUES ('4331', '湘西土家族苗族自治州', '43', '2');
INSERT INTO T_ITEM (item_code, item_name, parent_code, type) VALUES ('4401', '广州市', '44', '2');
INSERT INTO T_ITEM (item_code, item_name, parent_code, type) VALUES ('4402', '韶关市', '44', '2');
INSERT INTO T_ITEM (item_code, item_name, parent_code, type) VALUES ('4403', '深圳市', '44', '2');
INSERT INTO T_ITEM (item_code, item_name, parent_code, type) VALUES ('4404', '珠海市', '44', '2');
INSERT INTO T_ITEM (item_code, item_name, parent_code, type) VALUES ('4405', '汕头市', '44', '2');
INSERT INTO T_ITEM (item_code, item_name, parent_code, type) VALUES ('4406', '佛山市', '44', '2');
INSERT INTO T_ITEM (item_code, item_name, parent_code, type) VALUES ('4407', '江门市', '44', '2');
INSERT INTO T_ITEM (item_code, item_name, parent_code, type) VALUES ('4408', '湛江市', '44', '2');
INSERT INTO T_ITEM (item_code, item_name, parent_code, type) VALUES ('4409', '茂名市', '44', '2');
INSERT INTO T_ITEM (item_code, item_name, parent_code, type) VALUES ('4412', '肇庆市', '44', '2');
INSERT INTO T_ITEM (item_code, item_name, parent_code, type) VALUES ('4413', '惠州市', '44', '2');
INSERT INTO T_ITEM (item_code, item_name, parent_code, type) VALUES ('4414', '梅州市', '44', '2');
INSERT INTO T_ITEM (item_code, item_name, parent_code, type) VALUES ('4415', '汕尾市', '44', '2');
INSERT INTO T_ITEM (item_code, item_name, parent_code, type) VALUES ('4416', '河源市', '44', '2');
INSERT INTO T_ITEM (item_code, item_name, parent_code, type) VALUES ('4417', '阳江市', '44', '2');
INSERT INTO T_ITEM (item_code, item_name, parent_code, type) VALUES ('4418', '清远市', '44', '2');
INSERT INTO T_ITEM (item_code, item_name, parent_code, type) VALUES ('4419', '东莞市', '44', '2');
INSERT INTO T_ITEM (item_code, item_name, parent_code, type) VALUES ('4420', '中山市', '44', '2');
INSERT INTO T_ITEM (item_code, item_name, parent_code, type) VALUES ('4451', '潮州市', '44', '2');
INSERT INTO T_ITEM (item_code, item_name, parent_code, type) VALUES ('4452', '揭阳市', '44', '2');
INSERT INTO T_ITEM (item_code, item_name, parent_code, type) VALUES ('4453', '云浮市', '44', '2');
INSERT INTO T_ITEM (item_code, item_name, parent_code, type) VALUES ('4501', '南宁市', '45', '2');
INSERT INTO T_ITEM (item_code, item_name, parent_code, type) VALUES ('4502', '柳州市', '45', '2');
INSERT INTO T_ITEM (item_code, item_name, parent_code, type) VALUES ('4503', '桂林市', '45', '2');
INSERT INTO T_ITEM (item_code, item_name, parent_code, type) VALUES ('4504', '梧州市', '45', '2');
INSERT INTO T_ITEM (item_code, item_name, parent_code, type) VALUES ('4505', '北海市', '45', '2');
INSERT INTO T_ITEM (item_code, item_name, parent_code, type) VALUES ('4506', '防城港市', '45', '2');
INSERT INTO T_ITEM (item_code, item_name, parent_code, type) VALUES ('4507', '钦州市', '45', '2');
INSERT INTO T_ITEM (item_code, item_name, parent_code, type) VALUES ('4508', '贵港市', '45', '2');
INSERT INTO T_ITEM (item_code, item_name, parent_code, type) VALUES ('4509', '玉林市', '45', '2');
INSERT INTO T_ITEM (item_code, item_name, parent_code, type) VALUES ('4510', '百色市', '45', '2');
INSERT INTO T_ITEM (item_code, item_name, parent_code, type) VALUES ('4511', '贺州市', '45', '2');
INSERT INTO T_ITEM (item_code, item_name, parent_code, type) VALUES ('4512', '河池市', '45', '2');
INSERT INTO T_ITEM (item_code, item_name, parent_code, type) VALUES ('4513', '来宾市', '45', '2');
INSERT INTO T_ITEM (item_code, item_name, parent_code, type) VALUES ('4514', '崇左市', '45', '2');
INSERT INTO T_ITEM (item_code, item_name, parent_code, type) VALUES ('4601', '海口市', '46', '2');
INSERT INTO T_ITEM (item_code, item_name, parent_code, type) VALUES ('4602', '三亚市', '46', '2');
INSERT INTO T_ITEM (item_code, item_name, parent_code, type) VALUES ('4603', '三沙市', '46', '2');
INSERT INTO T_ITEM (item_code, item_name, parent_code, type) VALUES ('4604', '儋州市', '46', '2');
INSERT INTO T_ITEM (item_code, item_name, parent_code, type) VALUES ('4690', '省直辖县级行政区划', '46', '2');
INSERT INTO T_ITEM (item_code, item_name, parent_code, type) VALUES ('5001', '市辖区', '50', '2');
INSERT INTO T_ITEM (item_code, item_name, parent_code, type) VALUES ('5002', '县', '50', '2');
INSERT INTO T_ITEM (item_code, item_name, parent_code, type) VALUES ('5101', '成都市', '51', '2');
INSERT INTO T_ITEM (item_code, item_name, parent_code, type) VALUES ('5103', '自贡市', '51', '2');
INSERT INTO T_ITEM (item_code, item_name, parent_code, type) VALUES ('5104', '攀枝花市', '51', '2');
INSERT INTO T_ITEM (item_code, item_name, parent_code, type) VALUES ('5105', '泸州市', '51', '2');
INSERT INTO T_ITEM (item_code, item_name, parent_code, type) VALUES ('5106', '德阳市', '51', '2');
INSERT INTO T_ITEM (item_code, item_name, parent_code, type) VALUES ('5107', '绵阳市', '51', '2');
INSERT INTO T_ITEM (item_code, item_name, parent_code, type) VALUES ('5108', '广元市', '51', '2');
INSERT INTO T_ITEM (item_code, item_name, parent_code, type) VALUES ('5109', '遂宁市', '51', '2');
INSERT INTO T_ITEM (item_code, item_name, parent_code, type) VALUES ('5110', '内江市', '51', '2');
INSERT INTO T_ITEM (item_code, item_name, parent_code, type) VALUES ('5111', '乐山市', '51', '2');
INSERT INTO T_ITEM (item_code, item_name, parent_code, type) VALUES ('5113', '南充市', '51', '2');
INSERT INTO T_ITEM (item_code, item_name, parent_code, type) VALUES ('5114', '眉山市', '51', '2');
INSERT INTO T_ITEM (item_code, item_name, parent_code, type) VALUES ('5115', '宜宾市', '51', '2');
INSERT INTO T_ITEM (item_code, item_name, parent_code, type) VALUES ('5116', '广安市', '51', '2');
INSERT INTO T_ITEM (item_code, item_name, parent_code, type) VALUES ('5117', '达州市', '51', '2');
INSERT INTO T_ITEM (item_code, item_name, parent_code, type) VALUES ('5118', '雅安市', '51', '2');
INSERT INTO T_ITEM (item_code, item_name, parent_code, type) VALUES ('5119', '巴中市', '51', '2');
INSERT INTO T_ITEM (item_code, item_name, parent_code, type) VALUES ('5120', '资阳市', '51', '2');
INSERT INTO T_ITEM (item_code, item_name, parent_code, type) VALUES ('5132', '阿坝藏族羌族自治州', '51', '2');
INSERT INTO T_ITEM (item_code, item_name, parent_code, type) VALUES ('5133', '甘孜藏族自治州', '51', '2');
INSERT INTO T_ITEM (item_code, item_name, parent_code, type) VALUES ('5134', '凉山彝族自治州', '51', '2');
INSERT INTO T_ITEM (item_code, item_name, parent_code, type) VALUES ('5201', '贵阳市', '52', '2');
INSERT INTO T_ITEM (item_code, item_name, parent_code, type) VALUES ('5202', '六盘水市', '52', '2');
INSERT INTO T_ITEM (item_code, item_name, parent_code, type) VALUES ('5203', '遵义市', '52', '2');
INSERT INTO T_ITEM (item_code, item_name, parent_code, type) VALUES ('5204', '安顺市', '52', '2');
INSERT INTO T_ITEM (item_code, item_name, parent_code, type) VALUES ('5205', '毕节市', '52', '2');
INSERT INTO T_ITEM (item_code, item_name, parent_code, type) VALUES ('5206', '铜仁市', '52', '2');
INSERT INTO T_ITEM (item_code, item_name, parent_code, type) VALUES ('5223', '黔西南布依族苗族自治州', '52', '2');
INSERT INTO T_ITEM (item_code, item_name, parent_code, type) VALUES ('5226', '黔东南苗族侗族自治州', '52', '2');
INSERT INTO T_ITEM (item_code, item_name, parent_code, type) VALUES ('5227', '黔南布依族苗族自治州', '52', '2');
INSERT INTO T_ITEM (item_code, item_name, parent_code, type) VALUES ('5301', '昆明市', '53', '2');
INSERT INTO T_ITEM (item_code, item_name, parent_code, type) VALUES ('5303', '曲靖市', '53', '2');
INSERT INTO T_ITEM (item_code, item_name, parent_code, type) VALUES ('5304', '玉溪市', '53', '2');
INSERT INTO T_ITEM (item_code, item_name, parent_code, type) VALUES ('5305', '保山市', '53', '2');
INSERT INTO T_ITEM (item_code, item_name, parent_code, type) VALUES ('5306', '昭通市', '53', '2');
INSERT INTO T_ITEM (item_code, item_name, parent_code, type) VALUES ('5307', '丽江市', '53', '2');
INSERT INTO T_ITEM (item_code, item_name, parent_code, type) VALUES ('5308', '普洱市', '53', '2');
INSERT INTO T_ITEM (item_code, item_name, parent_code, type) VALUES ('5309', '临沧市', '53', '2');
INSERT INTO T_ITEM (item_code, item_name, parent_code, type) VALUES ('5323', '楚雄彝族自治州', '53', '2');
INSERT INTO T_ITEM (item_code, item_name, parent_code, type) VALUES ('5325', '红河哈尼族彝族自治州', '53', '2');
INSERT INTO T_ITEM (item_code, item_name, parent_code, type) VALUES ('5326', '文山壮族苗族自治州', '53', '2');
INSERT INTO T_ITEM (item_code, item_name, parent_code, type) VALUES ('5328', '西双版纳傣族自治州', '53', '2');
INSERT INTO T_ITEM (item_code, item_name, parent_code, type) VALUES ('5329', '大理白族自治州', '53', '2');
INSERT INTO T_ITEM (item_code, item_name, parent_code, type) VALUES ('5331', '德宏傣族景颇族自治州', '53', '2');
INSERT INTO T_ITEM (item_code, item_name, parent_code, type) VALUES ('5333', '怒江傈僳族自治州', '53', '2');
INSERT INTO T_ITEM (item_code, item_name, parent_code, type) VALUES ('5334', '迪庆藏族自治州', '53', '2');
INSERT INTO T_ITEM (item_code, item_name, parent_code, type) VALUES ('5401', '拉萨市', '54', '2');
INSERT INTO T_ITEM (item_code, item_name, parent_code, type) VALUES ('5402', '日喀则市', '54', '2');
INSERT INTO T_ITEM (item_code, item_name, parent_code, type) VALUES ('5403', '昌都市', '54', '2');
INSERT INTO T_ITEM (item_code, item_name, parent_code, type) VALUES ('5404', '林芝市', '54', '2');
INSERT INTO T_ITEM (item_code, item_name, parent_code, type) VALUES ('5405', '山南市', '54', '2');
INSERT INTO T_ITEM (item_code, item_name, parent_code, type) VALUES ('5406', '那曲市', '54', '2');
INSERT INTO T_ITEM (item_code, item_name, parent_code, type) VALUES ('5425', '阿里地区', '54', '2');
INSERT INTO T_ITEM (item_code, item_name, parent_code, type) VALUES ('6101', '西安市', '61', '2');
INSERT INTO T_ITEM (item_code, item_name, parent_code, type) VALUES ('6102', '铜川市', '61', '2');
INSERT INTO T_ITEM (item_code, item_name, parent_code, type) VALUES ('6103', '宝鸡市', '61', '2');
INSERT INTO T_ITEM (item_code, item_name, parent_code, type) VALUES ('6104', '咸阳市', '61', '2');
INSERT INTO T_ITEM (item_code, item_name, parent_code, type) VALUES ('6105', '渭南市', '61', '2');
INSERT INTO T_ITEM (item_code, item_name, parent_code, type) VALUES ('6106', '延安市', '61', '2');
INSERT INTO T_ITEM (item_code, item_name, parent_code, type) VALUES ('6107', '汉中市', '61', '2');
INSERT INTO T_ITEM (item_code, item_name, parent_code, type) VALUES ('6108', '榆林市', '61', '2');
INSERT INTO T_ITEM (item_code, item_name, parent_code, type) VALUES ('6109', '安康市', '61', '2');
INSERT INTO T_ITEM (item_code, item_name, parent_code, type) VALUES ('6110', '商洛市', '61', '2');
INSERT INTO T_ITEM (item_code, item_name, parent_code, type) VALUES ('6201', '兰州市', '62', '2');
INSERT INTO T_ITEM (item_code, item_name, parent_code, type) VALUES ('6202', '嘉峪关市', '62', '2');
INSERT INTO T_ITEM (item_code, item_name, parent_code, type) VALUES ('6203', '金昌市', '62', '2');
INSERT INTO T_ITEM (item_code, item_name, parent_code, type) VALUES ('6204', '白银市', '62', '2');
INSERT INTO T_ITEM (item_code, item_name, parent_code, type) VALUES ('6205', '天水市', '62', '2');
INSERT INTO T_ITEM (item_code, item_name, parent_code, type) VALUES ('6206', '武威市', '62', '2');
INSERT INTO T_ITEM (item_code, item_name, parent_code, type) VALUES ('6207', '张掖市', '62', '2');
INSERT INTO T_ITEM (item_code, item_name, parent_code, type) VALUES ('6208', '平凉市', '62', '2');
INSERT INTO T_ITEM (item_code, item_name, parent_code, type) VALUES ('6209', '酒泉市', '62', '2');
INSERT INTO T_ITEM (item_code, item_name, parent_code, type) VALUES ('6210', '庆阳市', '62', '2');
INSERT INTO T_ITEM (item_code, item_name, parent_code, type) VALUES ('6211', '定西市', '62', '2');
INSERT INTO T_ITEM (item_code, item_name, parent_code, type) VALUES ('6212', '陇南市', '62', '2');
INSERT INTO T_ITEM (item_code, item_name, parent_code, type) VALUES ('6229', '临夏回族自治州', '62', '2');
INSERT INTO T_ITEM (item_code, item_name, parent_code, type) VALUES ('6230', '甘南藏族自治州', '62', '2');
INSERT INTO T_ITEM (item_code, item_name, parent_code, type) VALUES ('6301', '西宁市', '63', '2');
INSERT INTO T_ITEM (item_code, item_name, parent_code, type) VALUES ('6302', '海东市', '63', '2');
INSERT INTO T_ITEM (item_code, item_name, parent_code, type) VALUES ('6322', '海北藏族自治州', '63', '2');
INSERT INTO T_ITEM (item_code, item_name, parent_code, type) VALUES ('6323', '黄南藏族自治州', '63', '2');
INSERT INTO T_ITEM (item_code, item_name, parent_code, type) VALUES ('6325', '海南藏族自治州', '63', '2');
INSERT INTO T_ITEM (item_code, item_name, parent_code, type) VALUES ('6326', '果洛藏族自治州', '63', '2');
INSERT INTO T_ITEM (item_code, item_name, parent_code, type) VALUES ('6327', '玉树藏族自治州', '63', '2');
INSERT INTO T_ITEM (item_code, item_name, parent_code, type) VALUES ('6328', '海西蒙古族藏族自治州', '63', '2');
INSERT INTO T_ITEM (item_code, item_name, parent_code, type) VALUES ('6401', '银川市', '64', '2');
INSERT INTO T_ITEM (item_code, item_name, parent_code, type) VALUES ('6402', '石嘴山市', '64', '2');
INSERT INTO T_ITEM (item_code, item_name, parent_code, type) VALUES ('6403', '吴忠市', '64', '2');
INSERT INTO T_ITEM (item_code, item_name, parent_code, type) VALUES ('6404', '固原市', '64', '2');
INSERT INTO T_ITEM (item_code, item_name, parent_code, type) VALUES ('6405', '中卫市', '64', '2');
INSERT INTO T_ITEM (item_code, item_name, parent_code, type) VALUES ('6501', '乌鲁木齐市', '65', '2');
INSERT INTO T_ITEM (item_code, item_name, parent_code, type) VALUES ('6502', '克拉玛依市', '65', '2');
INSERT INTO T_ITEM (item_code, item_name, parent_code, type) VALUES ('6504', '吐鲁番市', '65', '2');
INSERT INTO T_ITEM (item_code, item_name, parent_code, type) VALUES ('6505', '哈密市', '65', '2');
INSERT INTO T_ITEM (item_code, item_name, parent_code, type) VALUES ('6523', '昌吉回族自治州', '65', '2');
INSERT INTO T_ITEM (item_code, item_name, parent_code, type) VALUES ('6527', '博尔塔拉蒙古自治州', '65', '2');
INSERT INTO T_ITEM (item_code, item_name, parent_code, type) VALUES ('6528', '巴音郭楞蒙古自治州', '65', '2');
INSERT INTO T_ITEM (item_code, item_name, parent_code, type) VALUES ('6529', '阿克苏地区', '65', '2');
INSERT INTO T_ITEM (item_code, item_name, parent_code, type) VALUES ('6530', '克孜勒苏柯尔克孜自治州', '65', '2');
INSERT INTO T_ITEM (item_code, item_name, parent_code, type) VALUES ('6531', '喀什地区', '65', '2');
INSERT INTO T_ITEM (item_code, item_name, parent_code, type) VALUES ('6532', '和田地区', '65', '2');
INSERT INTO T_ITEM (item_code, item_name, parent_code, type) VALUES ('6540', '伊犁哈萨克自治州', '65', '2');
INSERT INTO T_ITEM (item_code, item_name, parent_code, type) VALUES ('6542', '塔城地区', '65', '2');
INSERT INTO T_ITEM (item_code, item_name, parent_code, type) VALUES ('6543', '阿勒泰地区', '65', '2');
INSERT INTO T_ITEM (item_code, item_name, parent_code, type) VALUES ('6590', '自治区直辖县级行政区划', '65', '2');
INSERT INTO T_ITEM (item_code, item_name, parent_code, type) VALUES ('7100', '台湾省', '71', '2');
INSERT INTO T_ITEM (item_code, item_name, parent_code, type) VALUES ('8100', '香港特别行政区', '81', '2');
INSERT INTO T_ITEM (item_code, item_name, parent_code, type) VALUES ('8200', '澳门特别行政区', '82', '2');


